rank	chembl_id	name	score	distance	nearest_reference	mw	logp	tpsa	hbd	hba	rotb	rings	arom_prop	fsp3	smiles
1	CHEMBL1224403	CHEMBL1224403	1.0	0.0	FISETIN	286.24	2.28	111.13	4	6	1	3	0.762	0.0	O=c1c(O)c(-c2ccccc2O)oc2c(O)c(O)ccc12
2	CHEMBL4536936	CHEMBL4536936	0.5014	0.994	PIPERLONGUMINE	263.32	2.8	55.4	1	4	4	2	0.333	0.231	CCCOc1ccc(/C=C2/SC(=O)NC2=O)cc1
3	CHEMBL4210143	CHEMBL4210143	0.468	1.137	QUERCETIN	346.29	2.3	129.59	4	8	3	3	0.64	0.118	COc1cc(-c2oc3cc(O)cc(O)c3c(=O)c2O)cc(O)c1OC
4	CHEMBL4216216	CHEMBL4216216	0.4626	1.162	QUERCETIN	304.25	1.19	127.45	5	7	1	3	0.545	0.133	O=C1c2ccc(O)c(O)c2O[C@H](c2ccc(O)c(O)c2)[C@H]1O
5	CHEMBL1643915	CHEMBL1643915	0.4333	1.308	DASATINIB	402.4	2.67	128.4	2	9	6	3	0.552	0.25	COc1ccc(-c2oc3c(OC)c(OC)c(OC)c(N)c3c(=O)c2OC)cc1N
6	CHEMBL2165241	MACAKURZIN A	0.4245	1.356	FISETIN	354.36	3.06	111.13	4	6	4	3	0.615	0.15	C=C(C)C(O)Cc1c(O)cc2oc(-c3ccccc3)c(O)c(=O)c2c1O
7	CHEMBL549907	GNAPHALIIN B	0.4069	1.458	FISETIN	314.29	2.89	89.13	2	6	3	3	0.696	0.118	COc1cc(O)c2c(=O)c(O)c(-c3ccccc3)oc2c1OC
8	CHEMBL489470	DORSILURIN I	0.3948	1.533	DASATINIB	506.6	5.67	120.36	4	7	6	4	0.432	0.367	C=C(C)[C@@H](O)Cc1ccc(-c2oc3c4c(c(CC=C(C)C)c(O)c3c(=O)c2O)OC(C)(C)CC4)cc1O
9	CHEMBL489068	DORSILURIN H	0.3948	1.533	DASATINIB	506.6	5.67	120.36	4	7	6	4	0.432	0.367	C=C(C)[C@@H](O)Cc1ccc(-c2oc3c(CC=C(C)C)c(O)c4c(c3c(=O)c2O)OC(C)(C)CC4)cc1O
10	CHEMBL4778541	CHEMBL4778541	0.3936	1.541	RUXOLITINIB	359.43	4.07	64.22	1	3	3	4	0.741	0.19	CC(C)(C)c1ccc(C(=O)Nc2cn3cc(-n4ccnc4)ccc3n2)cc1.Cl.Cl
11	CHEMBL1374610	CHEMBL1374610	0.3773	1.651	FISETIN	254.24	2.87	70.67	2	4	1	3	0.842	0.0	O=c1cc(-c2ccc(O)cc2O)oc2ccccc12
12	CHEMBL1224244	CHEMBL1224244	0.3773	1.651	FISETIN	254.24	2.87	70.67	2	4	1	3	0.842	0.0	O=c1cc(-c2cc(O)cc(O)c2)oc2ccccc12
13	CHEMBL5715926	CHEMBL5715926	0.3717	1.69	PIPERLONGUMINE	401.9	2.35	99.81	2	4	6	2	0.393	0.4	Cn1nc(C(C)(C)C)cc1C(=O)NC(Cc1cccc(Cl)c1)C(=O)NCC#N
14	CHEMBL4757879	CHEMBL4757879	0.3697	1.705	DASATINIB	580.74	4.86	100.44	2	8	8	6	0.535	0.394	CCc1cccc(CC)c1NC(=O)c1nn(C)c2c1CCc1cnc(Nc3ccc(N4CCN(C)CC4)cc3OC)nc1-2
15	CHEMBL465013	CHEMBL465013	0.3608	1.772	FISETIN	294.31	3.6	70.67	2	4	3	3	0.727	0.056	C=CCc1cc(O)cc2c(=O)cc(-c3ccc(O)cc3)oc12
16	CHEMBL5430013	CHEMBL5430013	0.358	1.794	QUERCETIN	370.36	2.65	120.36	4	7	1	4	0.593	0.25	CC1(C)Oc2ccc(-c3oc4cc(O)cc(O)c4c(=O)c3O)cc2CC1O
17	CHEMBL498139	CHEMBL498139	0.3559	1.81	RUXOLITINIB	372.37	3.5	76.36	0	7	6	3	0.593	0.25	COc1ccc(OC)c(-c2cc(=O)c3c(OC)c(OC)cc(OC)c3o2)c1
18	CHEMBL527026	CHEMBL527026	0.3555	1.813	DASATINIB	539.45	6.16	94.69	2	7	7	5	0.568	0.308	CCN1CCC(n2cc(CNc3cc(Cl)c4ncc(C#N)c(Nc5ccc(F)c(Cl)c5)c4c3)nn2)CC1
19	CHEMBL400305	CHEMBL400305	0.3467	1.884	RUXOLITINIB	298.29	3.18	68.9	1	5	3	3	0.727	0.118	COc1ccc(-c2oc3cc(O)ccc3c(=O)c2OC)cc1
20	CHEMBL496594	CHEMBL496594	0.346	1.89	DASATINIB	553.47	6.38	94.69	2	7	8	5	0.553	0.333	N#Cc1cnc2c(Cl)cc(NCc3cn(CCN4CCCCCC4)nn3)cc2c1Nc1ccc(F)c(Cl)c1
21	CHEMBL161702	CHEMBL161702	0.3448	1.9	PIPERLONGUMINE	313.35	2.39	77.84	2	3	7	2	0.522	0.222	O=C(O)C(Cc1ccccc1)CN(O)C(=O)Cc1ccccc1
22	CHEMBL486859	CHEMBL486859	0.3401	1.94	RUXOLITINIB	401.26	5.14	70.67	2	4	3	3	0.64	0.15	CC(C)=CCc1c(O)cc(O)c2c(=O)cc(-c3cccc(Br)c3)oc12
23	CHEMBL5723348	CHEMBL5723348	0.3354	1.981	FISETIN	285.73	4.32	64.08	2	4	3	3	0.85	0.0	Nc1cccc(Nc2ncc(-c3ccc(Cl)cc3)o2)c1
24	CHEMBL465012	CHEMBL465012	0.3324	2.008	FISETIN	282.25	2.89	68.9	1	5	1	4	0.762	0.062	O=c1cc(-c2ccc3c(c2)OCO3)oc2cc(O)ccc12
25	CHEMBL1326944	7,3'-DIMETHOXYFLAVONE	0.3254	2.074	RUXOLITINIB	282.29	3.48	48.67	0	4	3	3	0.762	0.118	COc1cccc(-c2cc(=O)c3ccc(OC)cc3o2)c1
26	CHEMBL1801019	CHEMBL1801019	0.316	2.164	FISETIN	268.27	3.17	59.67	1	4	2	3	0.8	0.062	COc1cccc(-c2cc(=O)c3ccc(O)cc3o2)c1
27	CHEMBL455686	DORSILURIN K	0.3027	2.304	RUXOLITINIB	490.6	6.59	89.13	2	6	3	5	0.444	0.433	CC(C)=CCc1ccc(-c2oc3c4c(c5c(c3c(=O)c2O)OC(C)(C)CC5)OC(C)(C)CC4)cc1O
28	CHEMBL4303303	CHEMBL4303303	0.2963	2.375	DASATINIB	569.65	4.91	136.54	2	10	10	6	0.732	0.172	Cc1cc(Nc2ncnc3ccc(-c4ccc(CNCCS(C)(=O)=O)o4)cc23)ccc1Oc1ccn2ncnc2c1
29	CHEMBL294009	FLAVONOL	0.2871	2.483	FISETIN	238.24	3.17	50.44	1	3	1	3	0.889	0.0	O=c1c(O)c(-c2ccccc2)oc2ccccc12
30	CHEMBL5723370	CHEMBL5723370	0.2445	3.09	DASATINIB	504.63	1.63	126.07	3	7	14	2	0.167	0.615	CCC(NC(=O)C(CC(C)C)NC(=O)OCc1ccccc1)C(=O)C(=O)NCCCN1CCOCC1.O=C(O)C(F)(F)F
31	CHEMBL4165294	CHEMBL4165294	0.2439	3.1	DASATINIB	434.4	-0.08	169.3	7	10	4	4	0.387	0.333	OC[C@H]1O[C@@H](OC2=C(c3ccc(O)cc3)Oc3cc(O)cc(O)c3C2)[C@H](O)[C@@H](O)[C@@H]1O
32	CHEMBL275638	FLAVONE	0.2354	3.248	RUXOLITINIB	222.24	3.46	30.21	0	2	1	3	0.941	0.0	O=c1cc(-c2ccccc2)oc2ccccc12
33	CHEMBL4780754	CHEMBL4780754	0.2155	3.641	RUXOLITINIB	551.65	6.32	95.49	2	5	5	8	0.81	0.176	O=c1[nH]c2ccccc2n1C1CCN(Cc2ccc(-c3[nH]c4cc5ncnc5cc4nc3-c3ccccc3)cc2)CC1
34	CHEMBL456082	CHEMBL456082	0.2135	3.683	DASATINIB	552.49	0.08	206.97	6	14	8	4	0.41	0.4	COc1cc(-c2oc3cc(O[C@@H]4O[C@H](CO)[C@@H](O)[C@H](O)[C@H]4O)c(OC)c(O)c3c(=O)c2OC)cc(OC)c1O
35	CHEMBL5715921	CHEMBL5715921	0.1563	5.397	DASATINIB	538.56	-1.5	236.75	7	8	17	1	0.132	0.565	CC(=O)N[C@@H](CC(C)C)C(=O)N[C@@H](CCC(=O)O)C(=O)N[C@@H](Cc1cnc[nH]1)C(=O)N[C@H](C=O)CC(=O)O.O=C(O)C(F)(F)F
36	CHEMBL5715925	CHEMBL5715925	0.1556	5.428	DASATINIB	500.55	-0.81	208.07	6	7	16	0	0.0	0.682	CC(=O)N[C@@H](CC(C)C)C(=O)N[C@@H](CCC(=O)O)C(=O)N[C@H](C(=O)N[C@H](C=O)CC(=O)O)C(C)C
37	CHEMBL5723349	CHEMBL5723349	0.1552	5.441	DASATINIB	587.03	-0.9	236.75	7	8	18	1	0.125	0.583	CC(=O)N[C@@H](CC(C)C)C(=O)N[C@@H](CCC(=O)O)C(=O)N[C@@H](Cc1cnc[nH]1)C(=O)N[C@@H](CC(=O)O)C(=O)CCl.O=C(O)C(F)(F)F
